GEO_ID,NAME,B17018_001E,B17018_001M,B17018_002E,B17018_002M,B17018_003E,B17018_003M,B17018_004E,B17018_004M,B17018_005E,B17018_005M,B17018_006E,B17018_006M,B17018_007E,B17018_007M,B17018_008E,B17018_008M,B17018_009E,B17018_009M,B17018_010E,B17018_010M,B17018_011E,B17018_011M,B17018_012E,B17018_012M,B17018_013E,B17018_013M,B17018_014E,B17018_014M,B17018_015E,B17018_015M,B17018_016E,B17018_016M,B17018_017E,B17018_017M,B17018_018E,B17018_018M,B17018_019E,B17018_019M,B17018_020E,B17018_020M,B17018_021E,B17018_021M,B17018_022E,B17018_022M,B17018_023E,B17018_023M,B17018_024E,B17018_024M,B17018_025E,B17018_025M,B17018_026E,B17018_026M,B17018_027E,B17018_027M,B17018_028E,B17018_028M,B17018_029E,B17018_029M,B17018_030E,B17018_030M,B17018_031E,B17018_031M,B17018_032E,B17018_032M,B17018_033E,B17018_033M,B17018_034E,B17018_034M,B17018_035E,B17018_035M,Unnamed: 72
0500000US51001,"Accomack County, Virginia",9211,572,983,229,399,180,92,83,174,117,81,70,52,54,584,166,54,69,44,67,0,28,10,21,0,28,530,161,209,112,137,102,177,88,7,14,8228,499,6207,433,833,162,1429,279,2030,339,1915,279,2021,355,905,254,264,140,374,181,109,52,158,140,1116,235,168,116,386,150,470,177,92,69,
0500000US51003,"Albemarle County, Virginia",27331,790,995,192,246,109,82,61,48,44,44,44,72,57,749,197,99,57,12,21,0,31,61,47,26,26,650,195,25,28,175,98,294,117,156,101,26336,785,21649,753,621,178,2030,280,3322,409,15676,750,4687,569,1433,366,143,97,308,160,97,69,885,314,3254,447,387,129,472,180,1061,288,1334,235,
0500000US51005,"Alleghany County, Virginia",3759,274,390,125,182,75,33,36,82,39,51,48,16,23,208,89,43,47,12,19,29,43,2,3,0,21,165,80,33,31,115,67,7,14,10,13,3369,258,2765,258,135,66,1063,181,881,171,686,150,604,149,225,95,20,27,133,82,62,48,10,12,379,116,54,55,146,105,138,68,41,35,
0500000US51007,"Amelia County, Virginia",3715,308,244,122,193,112,76,71,54,62,63,84,0,21,51,52,0,21,0,21,0,21,0,21,0,21,51,52,0,21,21,34,30,39,0,21,3471,311,3017,300,306,140,1014,249,863,245,834,219,454,156,198,109,9,13,154,105,35,39,0,21,256,112,60,63,171,104,25,30,0,21,
0500000US51009,"Amherst County, Virginia",7994,461,573,152,251,105,25,33,137,83,48,40,41,46,322,123,120,77,28,34,61,55,24,32,7,11,202,100,47,50,96,73,34,36,25,38,7421,439,5788,432,421,124,1761,313,1984,303,1622,258,1633,265,493,118,58,49,270,103,92,61,73,54,1140,226,116,73,432,135,340,137,252,82,
0500000US51011,"Appomattox County, Virginia",4496,223,430,142,168,89,56,43,45,42,31,39,36,35,262,117,73,60,15,24,58,56,0,21,0,21,189,102,6,11,93,64,90,88,0,21,4066,213,3400,246,152,85,1281,243,1185,162,782,147,666,161,125,73,40,53,40,43,45,39,0,21,541,149,63,51,136,82,249,97,93,82,
0500000US51013,"Arlington County, Virginia",50024,1157,2180,399,1263,341,276,170,220,126,325,177,442,193,917,235,244,126,97,96,38,42,14,23,95,69,673,194,110,73,176,136,143,99,244,116,47844,1122,39363,1032,1037,280,1653,341,3355,490,33318,1054,8481,620,3216,440,319,136,554,167,682,233,1661,283,5265,515,597,192,661,174,1070,258,2937,367,
0500000US51015,"Augusta County, Virginia",20735,660,1093,244,406,153,46,45,181,114,163,120,16,23,687,192,69,70,51,63,18,28,0,31,0,31,618,188,74,75,458,177,83,56,3,5,19642,645,16012,736,912,212,4991,558,5031,608,5078,479,3630,478,1225,302,139,80,691,217,288,153,107,66,2405,408,178,137,1001,249,857,259,369,125,
0500000US51017,"Bath County, Virginia",1072,183,134,102,110,99,82,91,28,36,0,13,0,13,24,27,0,13,0,13,0,13,0,13,0,13,24,27,7,11,6,11,11,24,0,13,938,197,776,183,8,9,179,80,302,150,287,144,162,69,44,41,16,26,11,21,17,28,0,13,118,62,5,9,34,31,74,56,5,10,
0500000US51019,"Bedford County, Virginia",22911,650,1342,344,717,231,92,65,296,137,169,116,160,130,625,258,130,99,61,77,56,56,13,21,0,31,495,234,162,180,91,65,192,123,50,45,21569,646,18505,652,918,265,4314,434,5663,468,7610,580,3064,444,1163,257,113,60,476,177,331,162,243,145,1901,382,103,70,559,177,636,189,603,204,
0500000US51021,"Bland County, Virginia",1409,171,77,52,43,38,9,17,22,24,12,20,0,19,34,38,12,19,0,19,0,19,0,19,12,19,22,31,0,19,22,31,0,19,0,19,1332,176,1063,149,30,25,327,107,402,98,304,92,269,130,169,102,13,21,136,98,5,8,15,22,100,56,4,6,60,43,27,27,9,17,
0500000US51023,"Botetourt County, Virginia",9044,468,405,119,222,86,12,16,54,34,93,57,63,56,183,84,48,37,6,8,22,27,5,7,15,25,135,72,12,17,40,26,73,64,10,17,8639,487,7506,508,246,107,2162,322,2367,378,2731,339,1133,194,447,144,104,85,195,95,79,49,69,50,686,156,33,35,165,62,241,114,247,109,
0500000US51025,"Brunswick County, Virginia",3852,296,534,189,64,44,19,25,20,34,25,20,0,21,470,178,97,105,19,36,24,40,54,90,0,21,373,150,177,129,130,68,55,36,11,15,3318,258,2276,229,419,168,577,170,531,128,749,196,1042,173,240,90,18,26,91,59,115,69,16,22,802,158,108,66,206,96,431,135,57,40,
0500000US51027,"Buchanan County, Virginia",5189,327,989,189,546,156,196,120,185,125,123,77,42,63,443,138,93,59,68,51,18,23,0,25,7,11,350,120,57,62,167,78,103,61,23,32,4200,303,3319,285,547,121,1151,223,1005,243,616,209,881,179,140,75,21,22,46,45,73,53,0,25,741,184,303,142,142,75,231,91,65,34,
0500000US51029,"Buckingham County, Virginia",3975,241,426,126,153,80,18,29,90,71,39,30,6,9,273,124,47,48,36,43,11,14,0,21,0,21,226,107,66,41,54,42,79,75,27,42,3549,269,2847,245,264,87,1141,208,971,201,471,118,702,146,313,112,56,43,119,61,138,94,0,21,389,118,91,77,136,69,125,52,37,23,
0500000US51031,"Campbell County, Virginia",14710,582,1031,270,474,189,83,62,138,115,124,83,129,110,557,201,197,133,37,38,84,68,76,90,0,31,360,155,71,61,131,123,158,79,0,31,13679,605,10814,597,659,194,3049,471,3578,429,3528,449,2865,396,843,191,86,67,267,97,326,137,164,101,2022,340,172,89,553,175,837,296,460,178,
0500000US51033,"Caroline County, Virginia",8038,357,570,216,172,89,89,79,54,48,14,20,15,17,398,202,38,51,17,24,15,22,6,35,0,28,360,192,18,32,44,38,261,187,37,36,7468,389,5688,434,353,113,1576,277,1901,325,1858,332,1780,328,486,170,144,110,243,126,83,46,16,17,1294,262,204,130,544,168,298,139,248,160,
0500000US51035,"Carroll County, Virginia",8048,403,979,267,414,188,76,76,199,129,107,73,32,50,565,209,125,109,108,107,0,25,17,31,0,25,440,190,43,53,182,125,201,104,14,22,7069,408,5983,381,720,181,1598,286,2283,284,1382,233,1086,246,309,115,51,39,94,66,106,72,58,67,777,199,116,79,177,125,384,138,100,82,
0500000US51036,"Charles City County, Virginia",1745,113,171,48,85,33,8,10,51,31,13,9,13,13,86,36,1,3,0,19,1,3,0,19,0,19,85,36,35,29,31,20,11,11,8,11,1574,115,1152,112,94,36,375,76,405,60,278,53,422,54,129,36,42,28,47,18,26,14,14,12,293,45,48,26,129,37,83,28,33,16,
0500000US51037,"Charlotte County, Virginia",2783,216,528,147,101,64,13,19,21,20,67,58,0,21,427,132,66,51,15,25,24,28,27,38,0,21,361,130,23,29,105,57,205,136,28,28,2255,200,1734,176,93,54,431,98,713,150,497,142,521,135,137,75,66,53,21,23,38,44,12,14,384,103,56,39,222,83,93,52,13,20,
0500000US51041,"Chesterfield County, Virginia",103373,2893,5008,1649,1785,858,246,285,618,603,366,339,555,362,3223,1294,620,699,0,214,0,214,118,144,502,694,2603,1161,237,398,1353,939,778,769,235,214,98365,3159,77328,3474,2393,879,11004,1946,17435,2197,46496,3300,21037,2989,6988,1880,869,672,1429,904,2300,1204,2390,992,14049,2029,1288,756,1990,744,5643,1506,5128,1223,
0500000US51043,"Clarke County, Virginia",3899,260,102,65,28,30,0,21,10,17,0,21,18,27,74,57,28,35,28,35,0,21,0,21,0,21,46,49,0,21,13,33,14,21,19,31,3797,265,3230,284,140,71,601,191,1011,182,1478,275,567,159,197,102,37,45,68,56,63,54,29,29,370,129,10,16,56,47,211,101,93,61,
0500000US51045,"Craig County, Virginia",1376,179,79,68,48,51,22,34,26,40,0,13,0,13,31,44,1,3,1,3,0,13,0,13,0,13,30,45,0,13,27,45,3,9,0,13,1297,173,1146,174,48,42,429,164,489,158,180,82,151,68,25,26,0,13,18,23,7,13,0,13,126,63,15,24,44,37,47,41,20,33,
0500000US51047,"Culpeper County, Virginia",13955,544,788,261,321,144,25,34,189,115,22,30,85,73,467,211,0,31,0,31,0,31,0,31,0,31,467,211,124,125,104,61,69,81,170,159,13167,541,9690,578,575,199,2735,307,3133,370,3247,393,3477,566,1133,262,90,63,276,125,439,199,328,183,2344,490,432,215,533,189,836,330,543,204,
0500000US51049,"Cumberland County, Virginia",2861,258,138,80,65,51,13,19,22,30,30,36,0,19,73,58,0,19,0,19,0,19,0,19,0,19,73,58,4,8,5,10,52,52,12,20,2723,261,1937,227,129,73,709,175,628,193,471,139,786,213,185,93,29,39,12,20,124,83,20,32,601,193,103,88,79,70,344,164,75,70,
0500000US51051,"Dickenson County, Virginia",3809,327,699,171,324,135,127,87,105,57,86,77,6,12,375,110,132,70,52,54,49,37,13,14,18,27,243,85,45,35,35,38,153,68,10,18,3110,281,2547,291,201,75,988,198,903,199,455,122,563,165,185,102,11,17,129,91,37,33,8,13,378,134,59,44,107,58,151,75,61,69,
0500000US51053,"Dinwiddie County, Virginia",7268,375,618,197,181,96,21,22,65,54,95,84,0,25,437,185,73,71,18,31,41,67,14,19,0,25,364,174,17,19,51,38,283,163,13,23,6650,433,5313,434,223,105,1611,246,2082,310,1397,306,1337,231,415,162,33,44,307,130,75,70,0,25,922,184,34,46,483,134,161,86,244,107,
0500000US51057,"Essex County, Virginia",2658,206,271,109,75,43,13,12,29,29,20,24,13,19,196,98,42,44,28,43,14,22,0,21,0,21,154,82,35,48,70,66,44,45,5,9,2387,231,1861,249,134,77,539,163,668,156,520,160,526,184,92,60,49,49,14,17,29,27,0,21,434,173,67,53,199,116,116,83,52,59,
0500000US51059,"Fairfax County, Virginia",288418,4430,10336,1891,4627,1266,703,618,588,389,948,560,2388,797,5709,1397,562,417,241,294,100,118,177,249,44,73,5147,1378,1849,924,1205,810,1061,639,1032,449,278082,4476,226313,4780,7389,1444,15728,2373,28601,2745,174595,4615,51769,3889,17634,2564,2971,1425,3113,1221,2566,868,8984,1855,34135,2960,2162,933,6240,1697,6479,1644,19254,2346,
0500000US51061,"Fauquier County, Virginia",19194,499,718,182,353,109,85,74,154,78,59,41,55,34,365,134,74,77,69,77,0,31,0,31,5,7,291,106,38,44,21,28,128,88,104,67,18476,502,14764,483,712,156,2339,292,3918,378,7795,521,3712,434,1213,269,49,47,310,138,433,178,421,157,2499,345,116,74,765,200,958,274,660,170,
0500000US51063,"Floyd County, Virginia",4270,346,228,108,146,78,6,12,84,68,39,34,17,25,82,72,17,24,0,21,17,24,0,21,0,21,65,67,8,15,52,66,2,4,3,5,4042,365,3336,338,195,114,1088,260,1170,243,883,196,706,178,267,112,35,44,89,73,126,87,17,23,439,153,28,37,162,95,147,102,102,84,
0500000US51065,"Fluvanna County, Virginia",7432,332,309,139,209,134,33,45,30,43,128,125,18,24,100,56,62,46,0,25,62,46,0,25,0,25,38,36,0,25,9,15,29,34,0,25,7123,353,5752,448,108,67,995,233,1796,322,2853,346,1371,349,247,121,66,80,32,45,83,68,66,57,1124,319,52,52,157,72,499,223,416,186,
0500000US51067,"Franklin County, Virginia",15230,682,1578,327,688,222,153,153,332,139,193,92,10,17,890,217,161,88,20,33,81,58,60,67,0,31,729,205,123,96,426,201,143,81,37,48,13652,680,11265,644,661,217,2963,356,4132,447,3509,413,2387,406,1111,288,183,106,389,155,220,99,319,185,1276,275,202,107,326,143,484,166,264,115,
0500000US51069,"Frederick County, Virginia",24291,728,1003,216,297,107,94,70,55,36,82,59,66,48,706,171,89,54,26,31,29,32,25,30,9,16,617,162,220,104,139,84,181,81,77,83,23288,759,18895,845,1112,258,5100,508,5769,595,6914,651,4393,569,1494,349,286,147,467,158,444,201,297,159,2899,482,510,305,724,221,747,184,918,271,
0500000US51071,"Giles County, Virginia",4335,332,243,80,90,52,15,21,36,24,39,36,0,21,153,65,0,21,0,21,0,21,0,21,0,21,153,65,52,39,82,52,19,23,0,21,4092,332,3295,334,157,97,1216,223,1198,245,724,148,797,182,330,130,49,48,93,54,130,94,58,51,467,122,49,32,155,68,207,108,56,34,
0500000US51073,"Gloucester County, Virginia",10438,547,501,158,150,90,70,74,18,20,26,25,36,44,351,139,76,60,46,55,14,22,0,28,16,20,275,117,73,66,27,28,136,77,39,38,9937,559,8073,588,427,167,1922,294,3299,505,2425,379,1864,367,583,208,49,37,199,105,309,171,26,25,1281,301,132,87,508,245,414,148,227,120,
0500000US51075,"Goochland County, Virginia",7100,336,131,81,117,77,0,25,9,13,66,69,42,36,14,18,14,18,0,25,0,25,14,18,0,25,0,25,0,25,0,25,0,25,0,25,6969,334,6205,356,152,79,854,191,1619,263,3580,295,764,180,159,73,51,39,13,19,45,38,50,48,605,150,49,48,191,98,191,105,174,80,
0500000US51077,"Grayson County, Virginia",4176,256,536,142,180,74,31,24,86,49,63,44,0,21,356,129,51,43,13,15,18,25,20,31,0,21,305,122,16,16,167,91,48,39,74,66,3640,264,3031,238,280,76,915,162,1259,223,577,134,609,155,201,79,46,35,95,56,60,55,0,21,408,119,136,73,121,69,117,62,34,28,
0500000US51079,"Greene County, Virginia",5753,288,506,176,236,110,66,54,170,102,0,25,0,25,270,145,7,10,0,25,0,25,7,10,0,25,263,145,55,69,96,95,112,94,0,25,5247,310,4401,359,267,96,991,189,1479,229,1664,334,846,217,309,130,70,52,132,88,60,68,47,58,537,178,2,3,171,83,268,129,96,69,
0500000US51081,"Greensville County, Virginia",2163,211,152,107,57,50,12,16,3,5,42,49,0,21,95,78,0,21,0,21,0,21,0,21,0,21,95,78,38,43,0,21,24,37,33,40,2011,195,1239,195,120,72,396,148,487,136,236,89,772,157,57,53,12,21,12,21,2,5,31,46,715,157,110,55,297,134,168,85,140,92,
0500000US51083,"Halifax County, Virginia",8424,470,891,206,302,102,100,50,112,54,65,48,25,34,589,176,52,39,26,25,11,17,15,24,0,28,537,174,138,96,207,106,90,52,102,79,7533,428,5272,430,482,177,1618,293,1928,288,1244,216,2261,367,616,182,172,99,162,76,282,132,0,28,1645,318,199,125,447,178,537,188,462,188,
0500000US51085,"Hanover County, Virginia",30139,702,1023,217,465,163,152,108,113,77,109,59,91,58,558,153,100,68,0,31,57,56,5,9,38,42,458,134,41,50,163,83,135,79,119,88,29116,684,24103,795,1114,285,3871,370,6715,600,12403,593,5013,423,1704,324,313,161,523,193,398,149,470,236,3309,309,212,84,960,189,859,211,1278,244,
0500000US51087,"Henrico County, Virginia",86029,3262,5622,1470,1259,521,113,142,470,365,263,195,413,367,4363,1370,1029,576,190,228,442,407,279,274,118,198,3334,1214,277,287,1784,1013,1137,708,136,136,80407,3170,58888,3110,2032,1032,8101,1524,12692,1616,36063,2154,21519,2457,4887,1290,460,390,1148,691,1330,767,1949,831,16632,2121,326,253,3397,1044,6388,1250,6521,1404,
0500000US51089,"Henry County, Virginia",11720,540,1375,228,532,136,92,56,272,111,161,72,7,10,843,177,171,82,38,58,84,60,41,43,8,13,672,176,164,80,178,97,328,142,2,5,10345,563,7982,498,930,205,2219,341,2673,300,2160,287,2363,383,918,231,262,145,435,149,126,83,95,71,1445,273,177,87,516,167,580,174,172,94,
0500000US51091,"Highland County, Virginia",682,75,25,19,25,19,5,8,8,9,4,6,8,13,0,13,0,13,0,13,0,13,0,13,0,13,0,13,0,13,0,13,0,13,0,13,657,75,566,73,52,30,185,58,163,55,166,53,91,46,12,13,6,9,0,13,6,10,0,13,79,44,7,7,0,13,17,16,55,39,
0500000US51093,"Isle of Wight County, Virginia",10846,462,854,215,371,163,18,31,71,49,256,139,26,27,483,154,39,39,12,20,0,28,24,33,3,6,444,146,74,63,147,76,185,112,38,44,9992,467,8379,404,363,114,1761,337,3140,360,3115,340,1613,295,472,140,12,14,214,95,164,99,82,49,1141,262,89,45,417,129,295,118,340,154,
0500000US51095,"James City County, Virginia",21859,670,820,235,355,161,42,44,146,114,70,65,97,83,465,192,57,60,8,14,14,18,29,51,6,12,408,185,47,48,91,74,270,161,0,31,21039,686,17434,681,294,134,1873,349,4136,535,11131,687,3605,392,841,244,55,85,227,114,100,77,459,168,2764,338,56,58,652,219,938,245,1118,270,
0500000US51097,"King and Queen County, Virginia",1920,196,211,80,88,48,24,20,54,44,10,16,0,19,123,56,27,30,27,30,0,19,0,19,0,19,96,50,7,14,47,48,33,30,9,9,1709,196,1403,160,34,37,500,125,447,130,422,141,306,121,90,76,20,36,6,10,64,61,0,19,216,99,110,70,14,17,54,36,38,34,
0500000US51099,"King George County, Virginia",7046,326,316,96,160,66,0,25,33,31,74,52,53,35,156,80,45,48,38,46,7,12,0,25,0,25,111,72,92,63,10,18,9,14,0,25,6730,329,5579,344,276,114,1219,268,1595,234,2489,310,1151,214,448,162,23,26,238,133,61,49,126,70,703,146,50,43,138,74,263,97,252,125,
0500000US51101,"King William County, Virginia",5110,274,319,135,205,113,21,26,29,30,66,50,89,90,114,80,59,78,58,77,1,2,0,21,0,21,55,46,5,8,35,31,0,21,15,26,4791,312,3721,290,99,91,1314,291,1081,193,1227,242,1070,256,328,145,21,26,174,99,47,35,86,94,742,210,41,35,246,109,285,142,170,104,
0500000US51103,"Lancaster County, Virginia",2738,310,267,102,138,77,24,28,48,51,35,24,31,33,129,62,0,21,0,21,0,21,0,21,0,21,129,62,25,26,28,34,69,53,7,13,2471,267,2156,232,147,68,435,129,511,144,1063,160,315,111,63,57,5,6,43,54,11,17,4,5,252,91,20,19,53,36,123,65,56,38,
0500000US51105,"Lee County, Virginia",5401,367,1051,208,402,167,122,74,119,98,161,124,0,25,649,160,89,45,21,17,33,23,18,27,17,26,560,144,93,61,131,75,331,133,5,9,4350,406,3239,323,452,149,829,200,1219,232,739,194,1111,258,401,148,101,71,166,127,117,62,17,27,710,206,142,77,184,89,282,170,102,83,
0500000US51107,"Loudoun County, Virginia",112905,2727,2997,986,1410,761,0,214,610,669,129,147,671,357,1587,609,295,224,0,214,0,214,70,105,225,197,1292,609,534,452,239,256,172,208,347,272,109908,2603,94856,2847,2083,829,6487,1484,12958,1550,73328,2894,15052,1959,4737,1234,275,292,258,208,1328,549,2876,934,10315,1724,367,309,1548,633,2081,705,6319,1339,
0500000US51109,"Louisa County, Virginia",10554,456,742,216,320,140,63,55,97,77,100,80,60,62,422,172,22,36,4,6,0,28,0,28,18,36,400,161,72,66,199,109,115,99,14,23,9812,471,8268,420,505,142,2092,315,2571,388,3100,370,1544,288,526,179,124,87,124,68,182,113,96,83,1018,223,153,101,244,135,377,155,244,139,
0500000US51111,"Lunenburg County, Virginia",2997,227,318,134,27,25,7,12,10,13,10,17,0,21,291,133,56,39,0,21,22,25,34,33,0,21,235,132,163,133,43,32,29,37,0,21,2679,221,2150,224,248,85,731,209,882,159,289,88,529,125,165,77,46,37,47,48,42,38,30,40,364,111,34,33,170,84,127,69,33,28,
0500000US51113,"Madison County, Virginia",3803,287,222,111,95,71,4,7,32,34,7,10,52,59,127,86,94,81,5,13,0,21,89,80,0,21,33,35,0,21,27,32,6,11,0,21,3581,280,2891,314,314,141,753,210,740,177,1084,250,690,191,222,122,10,17,132,95,0,21,80,76,468,150,57,52,74,55,210,110,127,85,
0500000US51115,"Mathews County, Virginia",2236,327,73,84,19,26,0,19,15,27,4,9,0,19,54,77,44,73,0,19,44,73,0,19,0,19,10,19,10,19,0,19,0,19,0,19,2163,297,1982,275,66,57,566,176,654,211,696,222,181,98,22,27,12,20,0,19,0,19,10,17,159,92,1,2,4,10,91,74,63,62,
0500000US51117,"Mecklenburg County, Virginia",7860,467,1072,253,340,131,111,58,124,84,55,47,50,45,732,200,204,114,48,40,99,86,57,65,0,28,528,151,118,75,141,77,194,100,75,62,6788,415,5032,401,321,94,1325,219,1794,214,1592,232,1756,299,679,180,54,49,329,142,198,106,98,64,1077,229,151,74,305,141,458,151,163,86,
0500000US51119,"Middlesex County, Virginia",3000,262,215,75,89,50,0,21,32,40,49,31,8,14,126,54,13,16,0,21,7,11,6,11,0,21,113,51,17,13,8,15,78,54,10,17,2785,262,2371,253,144,79,363,115,884,196,980,190,414,107,135,65,2,5,83,54,46,44,4,7,279,94,45,26,121,63,51,33,62,51,
0500000US51121,"Montgomery County, Virginia",20952,1436,1747,645,392,275,0,214,48,82,56,99,288,241,1355,561,309,262,0,214,185,179,124,204,0,214,1046,547,55,91,390,302,515,438,86,136,19205,1495,16479,1385,383,269,2757,1056,2958,784,10381,1248,2726,785,943,467,37,61,278,238,277,256,351,262,1783,607,0,214,472,339,507,320,804,378,
0500000US51125,"Nelson County, Virginia",3915,311,358,160,305,158,0,21,116,103,77,68,112,83,53,49,0,21,0,21,0,21,0,21,0,21,53,49,0,21,53,49,0,21,0,21,3557,304,3043,305,374,180,809,168,535,168,1325,214,514,150,135,88,6,12,64,58,15,24,50,50,379,128,90,72,117,89,75,49,97,70,
0500000US51127,"New Kent County, Virginia",6856,366,230,124,113,82,0,25,23,28,56,62,34,49,117,88,45,64,2,4,0,25,43,64,0,25,72,60,28,35,44,52,0,25,0,25,6626,392,5847,424,140,82,1134,250,1910,341,2663,396,779,188,191,102,23,34,129,85,38,39,1,3,588,156,31,33,146,89,205,100,206,97,
0500000US51131,"Northampton County, Virginia",3333,263,348,103,126,73,40,58,18,19,17,21,51,35,222,84,31,28,9,13,0,21,17,27,5,11,191,79,47,39,106,64,36,35,2,3,2985,250,2236,218,114,93,510,150,776,156,836,135,749,181,278,128,8,9,121,98,86,59,63,63,471,124,85,54,209,90,36,25,141,83,
0500000US51133,"Northumberland County, Virginia",3177,337,272,124,190,103,73,53,53,63,24,38,40,37,82,56,0,21,0,21,0,21,0,21,0,21,82,56,0,21,48,41,34,43,0,21,2905,308,2387,294,168,96,621,211,589,148,1009,176,518,140,108,89,37,46,42,57,0,21,29,44,410,119,38,36,49,47,170,92,153,91,
0500000US51135,"Nottoway County, Virginia",3546,241,441,178,142,87,48,52,8,12,53,64,33,39,299,152,6,30,2,31,2,4,2,5,0,21,293,146,58,54,103,77,34,35,98,106,3105,250,2248,263,218,117,779,224,663,156,588,152,857,205,295,115,28,28,127,84,128,78,12,17,562,148,86,43,187,90,257,121,32,32,
0500000US51137,"Orange County, Virginia",10056,517,1004,315,399,148,0,28,149,84,218,110,32,37,605,287,19,42,0,28,0,28,19,42,0,28,586,279,51,47,370,261,165,103,0,28,9052,539,7295,615,476,168,1908,355,2029,352,2882,410,1757,344,626,206,11,20,314,181,84,72,217,137,1131,257,145,113,322,158,380,112,284,171,
0500000US51139,"Page County, Virginia",6070,439,361,123,126,90,35,32,25,22,53,63,13,17,235,85,133,71,57,44,49,39,27,38,0,25,102,47,34,27,40,30,19,27,9,14,5709,424,4624,387,547,185,2026,285,1275,264,776,191,1085,190,372,122,50,43,232,98,38,40,52,52,713,167,47,30,268,132,300,106,98,71,
0500000US51141,"Patrick County, Virginia",4816,358,393,155,254,136,130,87,112,94,12,19,0,21,139,78,15,22,12,22,3,5,0,21,0,21,124,75,60,53,47,48,17,17,0,21,4423,362,3661,345,434,173,1112,188,1288,229,827,209,762,180,243,127,115,82,49,46,79,69,0,21,519,146,138,87,200,93,110,70,71,51,
0500000US51143,"Pittsylvania County, Virginia",16426,666,1952,339,798,216,239,145,297,133,199,99,63,41,1154,265,193,84,75,54,59,42,28,35,31,38,961,261,257,135,196,100,370,150,138,116,14474,608,10809,605,1007,218,3625,509,3762,359,2415,305,3665,419,1260,254,263,148,312,113,583,151,102,76,2405,305,314,104,699,170,993,203,399,162,
0500000US51145,"Powhatan County, Virginia",8827,369,298,138,122,76,0,28,51,46,60,56,11,18,176,122,22,35,0,28,22,35,0,28,0,28,154,117,70,76,62,89,0,28,22,28,8529,360,7228,400,215,114,1339,269,2429,385,3245,368,1301,262,656,184,95,77,249,140,157,118,155,105,645,172,15,25,101,76,304,140,225,105,
0500000US51147,"Prince Edward County, Virginia",4399,471,384,157,173,87,41,32,43,37,40,47,49,48,211,116,30,25,0,25,30,25,0,25,0,25,181,119,0,25,107,95,61,65,13,26,4015,452,2820,325,65,53,900,197,726,183,1129,243,1195,353,523,245,10,11,20,31,269,154,224,220,672,207,49,41,155,104,266,141,202,129,
0500000US51149,"Prince George County, Virginia",9600,458,592,165,126,70,9,18,10,16,102,65,5,13,466,154,142,96,0,28,142,96,0,28,0,28,324,120,16,23,175,104,62,52,71,58,9008,497,7066,461,404,199,1384,254,2764,361,2514,358,1942,315,588,231,59,69,137,140,113,90,279,172,1354,223,61,59,384,137,571,165,338,113,
0500000US51153,"Prince William County, Virginia",119092,3072,6465,1479,3499,1298,1134,612,760,643,943,932,662,463,2966,941,213,263,213,263,0,214,0,214,0,214,2753,907,259,412,1224,764,590,353,680,455,112627,3366,86502,3553,3769,1318,12978,2173,20050,2564,49705,2939,26125,2826,10039,2126,1975,1061,2447,1029,2992,1153,2625,900,16086,2056,2128,772,2135,677,4948,1397,6875,1390,
0500000US51155,"Pulaski County, Virginia",8957,494,637,174,265,123,22,22,139,96,76,75,28,30,372,127,91,65,43,46,27,32,21,35,0,28,281,116,34,38,124,79,115,68,8,12,8320,518,6481,473,350,132,1392,235,2671,384,2068,282,1839,335,755,231,52,79,411,172,251,105,41,51,1084,232,52,49,445,168,351,137,236,106,
0500000US51157,"Rappahannock County, Virginia",1974,243,86,67,10,19,0,19,0,19,0,19,10,19,76,59,5,10,0,19,5,10,0,19,0,19,71,59,0,19,15,21,35,45,21,33,1888,238,1566,212,38,33,383,142,346,139,799,167,322,107,175,96,105,83,41,45,18,31,11,14,147,75,5,9,51,44,59,56,32,35,
0500000US51159,"Richmond County, Virginia",1898,202,44,34,41,32,0,19,7,12,15,19,19,24,3,8,0,19,0,19,0,19,0,19,0,19,3,8,0,19,3,8,0,19,0,19,1854,200,1528,199,215,101,543,155,325,118,445,143,326,120,63,52,23,32,31,35,2,4,7,11,263,105,90,89,35,34,94,52,44,41,
0500000US51161,"Roanoke County, Virginia",26039,1600,1258,688,464,414,0,214,255,372,0,214,209,188,794,528,94,145,94,145,0,214,0,214,0,214,700,514,89,159,398,392,213,285,0,214,24781,1613,19944,1676,1194,675,4002,1058,4421,981,10327,1528,4837,1403,1542,685,73,126,717,519,413,352,339,267,3295,1232,205,201,451,285,2170,1217,469,323,
0500000US51163,"Rockbridge County, Virginia",6314,343,304,115,134,75,16,24,100,72,6,10,12,17,170,82,51,42,8,17,18,28,25,29,0,25,119,71,52,40,56,52,11,18,0,25,6010,320,4702,378,257,107,1327,301,1407,232,1711,232,1308,276,325,98,65,53,118,73,47,34,95,56,983,256,79,74,403,199,302,132,199,113,
0500000US51165,"Rockingham County, Virginia",22065,607,1315,286,430,169,61,54,154,62,149,145,66,51,885,239,305,148,25,23,274,146,6,10,0,31,580,190,64,39,273,112,202,131,41,42,20750,629,17395,633,1667,312,4841,462,4382,423,6505,412,3355,434,1339,291,205,99,532,176,394,156,208,113,2016,326,291,105,647,182,608,164,470,172,
0500000US51167,"Russell County, Virginia",6545,442,830,194,531,138,100,64,227,108,189,90,15,20,299,138,119,89,11,14,99,85,9,14,0,25,180,101,25,31,71,44,84,75,0,25,5715,434,4400,372,502,121,1408,223,1759,298,731,156,1315,321,479,164,116,89,200,127,120,82,43,57,836,244,243,118,124,62,268,149,201,107,
0500000US51169,"Scott County, Virginia",5452,258,653,156,314,110,141,74,102,63,40,22,31,28,339,115,23,33,23,33,0,25,0,25,0,25,316,114,75,65,110,54,124,61,7,12,4799,274,3922,293,434,116,1224,226,1532,215,732,186,877,156,204,84,99,70,41,42,54,34,10,11,673,132,32,24,190,72,349,108,102,57,
0500000US51171,"Shenandoah County, Virginia",11428,479,1043,219,397,156,83,76,205,137,109,58,0,28,646,172,135,76,58,54,69,57,6,11,2,4,511,154,79,79,225,114,147,69,60,51,10385,515,7788,493,461,153,2841,378,2166,280,2320,323,2597,424,865,259,146,91,473,212,119,83,127,68,1732,346,86,52,510,156,894,289,242,105,
0500000US51173,"Smyth County, Virginia",8104,376,1015,213,396,128,60,49,164,88,161,80,11,13,619,167,177,87,43,43,60,48,74,69,0,25,442,142,136,84,219,97,82,44,5,9,7089,337,5382,336,319,96,2003,279,1827,240,1233,192,1707,279,493,154,70,45,270,125,98,55,55,45,1214,210,181,90,451,125,331,105,251,92,
0500000US51175,"Southampton County, Virginia",4648,295,295,109,60,45,7,12,53,43,0,21,0,21,235,101,23,29,0,21,23,29,0,21,0,21,212,91,7,9,67,57,138,72,0,21,4353,297,3052,289,269,100,760,178,1203,211,820,190,1301,266,343,123,77,57,63,44,131,85,72,66,958,234,51,69,260,136,430,141,217,134,
0500000US51177,"Spotsylvania County, Virginia",38569,1879,2288,768,1118,505,348,402,282,217,223,216,265,227,1170,642,131,131,95,112,36,60,0,214,0,214,1039,616,120,145,537,426,0,214,382,406,36281,1829,29458,1782,1855,723,6461,1064,7209,1183,13933,1440,6823,1155,2705,897,394,473,874,551,945,596,492,307,4118,957,199,221,1186,528,1672,563,1061,598,
0500000US51179,"Stafford County, Virginia",39295,901,1431,342,715,254,286,216,123,68,123,87,183,104,716,213,119,95,0,31,22,30,57,70,40,59,597,181,83,52,239,124,196,125,79,55,37864,906,31371,916,1392,300,4472,494,8497,658,17010,803,6493,626,2082,336,173,121,553,181,676,188,680,212,4411,502,378,178,721,199,1242,268,2070,382,
0500000US51181,"Surry County, Virginia",1903,195,204,90,81,53,1,2,22,24,58,49,0,19,123,65,1,2,0,19,1,2,0,19,0,19,122,64,24,33,45,41,6,11,47,40,1699,188,1298,154,110,68,344,97,509,110,335,100,401,125,86,77,0,19,16,21,70,66,0,19,315,101,53,33,68,51,30,29,164,85,
0500000US51183,"Sussex County, Virginia",2261,246,185,72,30,35,6,18,8,17,0,21,16,25,155,68,20,19,13,15,7,11,0,21,0,21,135,64,33,32,54,34,40,34,8,11,2076,227,1389,211,153,79,445,144,479,126,312,98,687,146,294,117,63,41,104,75,76,67,51,67,393,92,26,23,116,65,190,74,61,45,
0500000US51185,"Tazewell County, Virginia",10760,541,1591,308,410,122,68,53,157,77,163,65,22,17,1181,281,135,104,0,28,73,71,62,51,0,28,1046,272,389,212,371,136,259,116,27,23,9169,584,7296,510,652,225,2494,325,2735,379,1415,283,1873,274,691,195,38,40,374,163,247,117,32,29,1182,184,149,83,346,122,395,106,292,120,
0500000US51187,"Warren County, Virginia",10567,473,1017,292,424,236,67,48,76,57,250,229,31,28,593,234,65,66,34,33,4,13,27,44,0,28,528,226,46,39,351,211,111,78,20,34,9550,514,7711,517,602,179,2076,286,2687,384,2346,386,1839,329,838,216,127,88,395,158,163,104,153,78,1001,249,52,43,374,143,360,156,215,99,
0500000US51191,"Washington County, Virginia",14411,453,1103,223,572,184,186,125,166,97,202,139,18,22,531,135,40,32,17,18,0,31,0,31,23,26,491,133,29,25,275,121,115,55,72,57,13308,500,10877,467,787,182,3077,340,3219,299,3794,407,2431,339,702,169,131,86,329,132,156,81,86,68,1729,280,157,89,455,129,604,184,513,176,
0500000US51193,"Westmoreland County, Virginia",4552,412,553,164,86,49,2,3,36,32,46,41,2,10,467,156,165,110,72,81,83,77,0,21,10,21,302,115,71,59,76,52,116,82,39,57,3999,395,2984,343,336,161,1086,237,776,219,786,218,1015,261,217,81,42,54,105,59,42,45,28,44,798,251,229,182,189,134,251,106,129,85,
0500000US51195,"Wise County, Virginia",9488,524,1388,242,570,167,139,74,290,132,106,91,35,28,818,195,200,139,88,106,51,48,61,66,0,28,618,150,71,52,227,105,292,113,28,21,8100,519,6533,533,787,239,1936,396,2282,315,1528,286,1567,321,513,178,64,61,166,91,204,130,79,76,1054,236,257,168,185,79,451,180,161,83,
0500000US51197,"Wythe County, Virginia",7760,429,965,226,481,178,19,24,214,125,185,99,63,65,484,237,235,171,0,25,178,148,21,29,36,42,249,123,0,25,119,86,130,87,0,25,6795,485,5531,474,542,188,1532,259,1865,329,1592,290,1264,272,575,174,62,51,183,101,231,138,99,91,689,186,40,36,261,121,296,117,92,66,
0500000US51199,"York County, Virginia",18805,580,554,167,284,125,95,69,40,51,62,50,87,59,270,115,50,43,32,38,9,15,0,31,9,15,220,106,14,19,98,73,76,70,32,40,18251,570,15418,623,216,95,1518,254,4641,447,9043,564,2833,437,779,199,10,15,236,105,263,140,270,119,2054,369,62,69,409,145,560,193,1023,248,
0500000US51510,"Alexandria city, Virginia",35435,2258,2347,1040,1048,753,660,619,0,214,116,188,272,267,1299,668,594,642,104,136,389,601,57,101,44,74,705,388,77,127,111,136,387,323,130,146,33088,2301,25161,2163,1027,694,1032,504,3633,1047,19469,2036,7927,1620,3280,1123,390,510,529,416,803,630,1558,816,4647,1227,282,262,1163,895,1148,703,2054,726,
0500000US51520,"Bristol city, Virginia",4166,350,462,130,160,80,26,30,102,73,19,22,13,16,302,115,42,31,16,17,0,21,26,24,0,21,260,107,79,61,62,60,80,65,39,48,3704,350,2503,270,176,90,603,183,844,224,880,214,1201,286,300,162,139,122,60,52,87,95,14,27,901,252,74,53,240,145,422,182,165,92,
0500000US51530,"Buena Vista city, Virginia",1881,202,320,177,84,81,25,35,5,12,54,71,0,19,236,148,8,17,8,17,0,19,0,19,0,19,228,147,104,105,79,78,45,47,0,19,1561,248,1108,212,90,70,256,125,532,161,230,126,453,193,148,107,0,19,40,50,31,39,77,76,305,154,10,19,56,47,87,74,152,140,
0500000US51540,"Charlottesville city, Virginia",8805,521,868,238,212,117,127,100,24,29,8,12,53,41,656,192,53,52,14,22,0,28,0,28,39,48,603,182,47,52,315,137,180,100,61,69,7937,511,6028,483,333,135,488,182,750,222,4457,422,1909,338,640,154,0,28,24,34,321,134,295,103,1269,273,75,52,234,113,500,167,460,175,
0500000US51550,"Chesapeake city, Virginia",66234,2551,4336,1317,1255,637,69,116,416,432,443,371,327,274,3081,1118,768,581,0,214,0,214,518,524,250,282,2313,958,372,443,814,545,759,537,368,309,61898,2496,48831,2734,2433,1043,7550,1694,16916,2157,21932,2149,13067,1841,2609,972,87,113,564,619,1090,676,868,598,10458,1619,315,246,1967,865,3631,1049,4545,1108,
0500000US51570,"Colonial Heights city, Virginia",4960,317,477,155,85,53,60,51,0,21,18,22,7,12,392,148,13,24,0,21,0,21,13,24,0,21,379,144,68,73,33,38,278,141,0,21,4483,314,2996,261,92,53,846,178,946,196,1112,207,1487,271,297,117,0,21,151,73,59,50,87,80,1190,254,86,59,526,188,380,141,198,96,
0500000US51580,"Covington city, Virginia",1520,197,248,105,45,34,39,35,0,19,6,16,0,19,203,95,46,41,0,19,7,11,25,36,14,31,157,85,32,50,79,56,43,48,3,5,1272,181,1068,163,79,74,472,147,332,111,185,75,204,97,140,78,15,21,115,73,10,16,0,19,64,48,0,19,46,39,18,28,0,19,
0500000US51590,"Danville city, Virginia",9780,542,2014,341,421,158,123,84,190,102,16,17,92,93,1593,311,226,113,65,47,91,73,46,58,24,29,1367,294,269,144,650,197,394,145,54,54,7766,514,4912,450,376,127,1323,258,1562,230,1651,298,2854,408,645,209,138,84,217,81,215,136,75,50,2209,313,236,117,915,212,813,170,245,96,
0500000US51595,"Emporia city, Virginia",1384,180,166,125,7,12,7,12,0,19,0,19,0,19,159,123,7,15,0,19,7,15,0,19,0,19,152,121,111,111,0,19,41,55,0,19,1218,176,543,130,74,60,191,107,117,54,161,89,675,170,144,88,0,19,14,24,81,65,49,57,531,156,139,91,189,103,139,77,64,70,
0500000US51600,"Fairfax city, Virginia",5905,322,349,154,190,126,76,88,10,16,55,60,49,48,159,103,77,88,77,88,0,25,0,25,0,25,82,62,12,22,12,18,40,53,18,25,5556,333,4715,350,375,190,389,137,560,148,3391,289,841,197,458,140,15,24,84,67,156,112,203,99,383,132,10,15,43,53,57,53,273,105,
0500000US51610,"Falls Church city, Virginia",3457,255,55,41,30,29,0,21,11,17,0,21,19,22,25,30,0,21,0,21,0,21,0,21,0,21,25,30,0,21,0,21,9,16,16,25,3402,250,2925,242,11,13,106,70,272,113,2536,246,477,136,113,67,0,21,0,21,0,21,113,67,364,123,0,21,50,53,57,50,257,102,
0500000US51620,"Franklin city, Virginia",2139,248,200,86,67,53,0,19,35,40,0,19,32,39,133,69,0,19,0,19,0,19,0,19,0,19,133,69,52,55,39,36,42,36,0,19,1939,245,1317,227,125,81,404,198,419,189,369,124,622,181,102,74,32,38,27,41,0,19,43,49,520,189,92,73,228,149,168,87,32,38,
0500000US51630,"Fredericksburg city, Virginia",5851,362,720,209,245,132,38,40,79,65,94,96,34,37,475,200,18,28,0,25,18,28,0,25,0,25,457,194,109,89,176,151,73,82,99,95,5131,360,3743,364,156,84,548,162,863,197,2176,301,1388,316,525,193,66,61,68,62,160,153,231,164,863,243,76,65,129,89,227,104,431,202,
0500000US51640,"Galax city, Virginia",1604,212,256,112,127,74,51,46,23,32,53,53,0,19,129,87,0,19,0,19,0,19,0,19,0,19,129,87,5,12,12,16,106,81,6,13,1348,241,1082,215,164,76,236,109,469,198,213,83,266,131,135,92,74,82,27,25,17,25,17,19,131,71,12,19,3,8,96,67,20,26,
0500000US51650,"Hampton city, Virginia",33640,2404,3162,1190,1324,1069,0,214,499,602,565,629,260,285,1838,779,664,560,181,278,112,209,371,450,0,214,1174,563,266,388,189,172,665,442,54,92,30478,2392,22306,2095,1176,618,4988,1299,7084,1529,9058,1459,8172,1842,1822,837,0,214,497,416,781,469,544,472,6350,1667,190,222,1479,677,3341,1209,1340,678,
0500000US51660,"Harrisonburg city, Virginia",8867,444,1037,261,359,160,108,88,152,127,38,50,61,55,678,214,88,74,61,65,11,18,16,26,0,31,590,199,165,107,163,106,222,132,40,43,7830,459,5466,493,555,178,1032,266,1366,285,2513,362,2364,334,875,236,338,150,148,96,202,121,187,108,1489,257,365,167,395,158,355,115,374,135,
0500000US51670,"Hopewell city, Virginia",5946,402,1108,244,275,141,34,41,122,91,119,86,0,25,833,204,122,101,76,88,46,49,0,25,0,25,711,198,72,59,331,142,205,118,103,95,4838,420,2899,335,291,139,1056,244,1048,263,504,177,1939,403,316,151,21,30,210,125,58,56,27,32,1623,382,186,132,467,220,836,278,134,78,
0500000US51678,"Lexington city, Virginia",911,205,38,61,0,19,0,19,0,19,0,19,0,19,38,61,0,19,0,19,0,19,0,19,0,19,38,61,0,19,38,61,0,19,0,19,873,201,772,206,0,19,182,149,105,86,485,146,101,71,51,52,16,27,0,19,22,40,13,25,50,42,0,19,0,19,20,29,30,37,
0500000US51680,"Lynchburg city, Virginia",16731,664,1871,400,355,161,37,41,66,61,98,69,154,128,1516,379,164,87,0,31,84,68,64,51,16,25,1352,376,190,88,706,337,316,135,140,95,14860,627,10644,608,469,159,1466,276,3070,440,5639,527,4216,516,899,239,128,75,257,133,264,144,250,117,3317,421,498,183,855,250,1071,254,893,203,
0500000US51683,"Manassas city, Virginia",9679,404,338,176,134,85,25,41,61,67,28,44,20,23,204,145,0,28,0,28,0,28,0,28,0,28,204,145,98,107,91,98,15,26,0,28,9341,408,7317,454,815,222,1618,326,1843,333,3041,323,2024,362,749,245,110,81,301,165,136,71,202,109,1275,260,37,37,263,140,540,205,435,169,
0500000US51685,"Manassas Park city, Virginia",3606,255,87,63,10,18,10,18,0,21,0,21,0,21,77,56,26,37,26,37,0,21,0,21,0,21,51,48,29,35,0,21,22,32,0,21,3519,261,2515,317,783,318,485,148,471,196,776,165,1004,240,298,147,16,29,106,114,101,112,75,74,706,207,84,61,141,101,412,196,69,76,
0500000US51690,"Martinsville city, Virginia",3106,255,634,176,173,93,51,58,58,52,55,42,9,16,461,170,106,105,0,21,61,73,45,52,0,21,355,139,22,37,49,44,259,145,25,33,2472,248,1393,206,115,59,226,81,584,140,468,150,1079,249,260,131,0,21,205,125,8,14,47,41,819,197,125,70,199,89,348,119,147,74,
0500000US51700,"Newport News city, Virginia",42411,2720,5799,1429,1706,686,220,288,494,390,708,512,284,244,4093,1207,615,555,50,90,492,533,73,126,0,214,3478,1066,1076,641,1106,545,1001,687,295,339,36612,2653,25397,2424,834,485,6233,1650,8671,1524,9659,1624,11215,1949,3403,1318,329,349,1463,868,1038,702,573,530,7812,1311,86,135,2614,905,3259,1035,1853,726,
0500000US51710,"Norfolk city, Virginia",52136,3047,7041,1514,1098,479,219,244,361,231,240,186,278,213,5943,1372,276,261,132,214,144,145,0,214,0,214,5667,1375,438,322,1596,909,3356,1200,277,254,45095,3011,28896,2649,1176,629,5964,1202,9016,1560,12740,1506,16199,2219,4692,1462,540,493,1973,990,1569,1011,610,338,11507,1835,1432,706,2351,900,5840,1331,1884,697,
0500000US51720,"Norton city, Virginia",867,127,193,91,18,32,0,13,18,32,0,13,0,13,175,90,19,26,11,20,8,16,0,13,0,13,156,88,11,18,46,54,75,52,24,37,674,154,515,136,38,44,147,73,175,88,155,75,159,88,65,65,10,15,8,13,47,64,0,13,94,63,0,13,26,31,60,56,8,13,
0500000US51730,"Petersburg city, Virginia",6416,442,1228,288,122,72,29,35,50,46,43,31,0,28,1106,280,42,38,13,23,9,16,0,28,20,25,1064,283,171,114,595,206,256,124,42,57,5188,456,2363,339,137,88,586,169,688,203,952,218,2825,415,675,194,24,25,147,86,308,170,196,115,2150,358,229,94,820,264,663,226,438,168,
0500000US51735,"Poquoson city, Virginia",3838,192,115,72,101,70,0,21,77,60,24,34,0,21,14,21,0,21,0,21,0,21,0,21,0,21,14,21,0,21,0,21,14,21,0,21,3723,201,3230,223,35,36,517,192,951,196,1727,236,493,146,157,96,6,9,86,86,10,17,55,36,336,130,29,41,69,72,156,84,82,67,
0500000US51740,"Portsmouth city, Virginia",23208,2113,4197,1297,1094,753,44,80,448,438,565,607,37,63,3103,1083,164,261,0,214,0,214,164,261,0,214,2939,1017,841,610,818,543,1280,911,0,214,19011,2173,12047,1591,970,489,3137,930,3981,1014,3959,1089,6964,1475,2074,915,213,208,838,705,910,700,113,147,4890,1134,401,299,1745,743,1680,830,1064,582,
0500000US51750,"Radford city, Virginia",2576,220,377,157,70,59,16,24,14,23,34,51,6,12,307,143,13,21,13,21,0,21,0,21,0,21,294,145,0,21,144,90,78,78,72,77,2199,238,1726,221,73,64,171,98,441,165,1041,212,473,147,85,58,26,39,0,21,59,41,0,21,388,149,45,43,71,60,106,73,166,101,
0500000US51760,"Richmond city, Virginia",44441,3060,7025,1665,1117,507,0,214,327,259,283,247,507,405,5908,1623,1191,998,58,101,603,644,530,707,0,214,4717,1255,1096,693,2485,1022,940,644,196,205,37416,3006,25642,2630,1113,635,3388,1164,5227,1296,15914,1874,11774,2109,2611,1174,235,382,1234,925,284,206,858,579,9163,1814,1518,842,2041,1003,3148,1129,2456,699,
0500000US51770,"Roanoke city, Virginia",21869,2142,2908,1078,1105,543,124,158,439,284,149,139,393,455,1803,886,439,454,98,166,127,202,214,337,0,214,1364,669,584,418,537,451,72,130,171,221,18961,2064,11733,1562,617,470,1821,850,4234,1181,5061,1169,7228,1481,1275,586,45,79,753,468,258,247,219,217,5953,1263,461,378,1936,838,2501,925,1055,543,
0500000US51775,"Salem city, Virginia",6248,348,382,149,121,62,19,24,34,27,41,39,27,31,261,131,99,72,0,25,23,32,32,38,44,54,162,109,84,81,39,52,19,25,20,32,5866,339,4332,287,132,79,796,172,1627,262,1777,277,1534,295,447,194,8,12,261,138,135,74,43,38,1087,217,42,44,242,135,445,143,358,113,
0500000US51790,"Staunton city, Virginia",6183,358,428,151,186,100,7,11,20,26,111,84,48,45,242,112,39,42,0,25,0,25,39,42,0,25,203,108,15,27,86,68,62,72,40,36,5755,356,4065,384,53,39,999,242,950,228,2063,253,1690,260,338,130,177,106,55,45,77,61,29,39,1352,216,75,61,316,109,559,176,402,186,
0500000US51800,"Suffolk city, Virginia",27319,1723,2772,904,808,516,48,82,396,448,269,196,95,122,1964,838,551,514,0,214,341,414,210,313,0,214,1413,724,188,248,769,649,420,378,36,62,24547,1682,17382,1533,731,347,2960,872,5954,975,7737,1080,7165,1216,2092,941,152,232,630,434,974,772,336,277,5073,978,355,269,961,486,1961,810,1796,661,
0500000US51810,"Virginia Beach city, Virginia",116969,3306,8969,1748,1918,807,346,324,633,653,476,294,463,277,7051,1658,1468,1116,103,121,407,657,869,847,89,149,5583,1336,420,288,1737,926,1725,858,1701,923,108000,3425,82195,3721,2700,929,12924,2193,22833,2267,43738,3367,25805,2670,8603,1789,475,367,2244,892,3352,1337,2532,813,17202,1898,1081,640,3974,1075,5932,1597,6215,1381,
0500000US51820,"Waynesboro city, Virginia",5238,334,800,223,140,79,0,25,72,43,30,41,38,44,660,210,71,57,27,36,25,39,19,31,0,25,589,210,59,65,271,124,259,166,0,25,4438,308,2919,309,197,107,684,159,684,177,1354,246,1519,300,544,163,13,24,146,107,206,138,179,123,975,261,48,50,268,145,541,232,118,79,
0500000US51830,"Williamsburg city, Virginia",2440,235,118,76,40,41,22,32,0,21,0,21,18,23,78,59,0,21,0,21,0,21,0,21,0,21,78,59,21,33,5,10,41,41,11,20,2322,228,1842,236,54,53,222,106,434,149,1132,184,480,153,101,74,0,21,36,38,39,54,26,29,379,137,31,36,80,63,145,81,123,75,
0500000US51840,"Winchester city, Virginia",6014,426,625,194,314,162,48,62,62,51,204,143,0,25,311,135,67,63,0,25,33,45,0,25,34,46,244,116,91,88,66,81,31,38,56,46,5389,404,3632,381,194,107,720,169,1070,276,1648,247,1757,324,505,210,112,80,245,168,33,40,115,88,1252,273,63,53,335,141,628,261,226,107,
Geography,Geographic Area Name,Estimate!!Total:,Margin of Error!!Total:,Estimate!!Total:!!Income in the past 12 months below poverty level:,Margin of Error!!Total:!!Income in the past 12 months below poverty level:,Estimate!!Total:!!Income in the past 12 months below poverty level:!!Married-couple family:,Margin of Error!!Total:!!Income in the past 12 months below poverty level:!!Married-couple family:,Estimate!!Total:!!Income in the past 12 months below poverty level:!!Married-couple family:!!Less than high school graduate,Margin of Error!!Total:!!Income in the past 12 months below poverty level:!!Married-couple family:!!Less than high school graduate,Estimate!!Total:!!Income in the past 12 months below poverty level:!!Married-couple family:!!High school graduate (includes equivalency),Margin of Error!!Total:!!Income in the past 12 months below poverty level:!!Married-couple family:!!High school graduate (includes equivalency),"Estimate!!Total:!!Income in the past 12 months below poverty level:!!Married-couple family:!!Some college, associate's degree","Margin of Error!!Total:!!Income in the past 12 months below poverty level:!!Married-couple family:!!Some college, associate's degree",Estimate!!Total:!!Income in the past 12 months below poverty level:!!Married-couple family:!!Bachelor's degree or higher,Margin of Error!!Total:!!Income in the past 12 months below poverty level:!!Married-couple family:!!Bachelor's degree or higher,Estimate!!Total:!!Income in the past 12 months below poverty level:!!Other families:,Margin of Error!!Total:!!Income in the past 12 months below poverty level:!!Other families:,"Estimate!!Total:!!Income in the past 12 months below poverty level:!!Other families:!!Male householder, no spouse present:","Margin of Error!!Total:!!Income in the past 12 months below poverty level:!!Other families:!!Male householder, no spouse present:","Estimate!!Total:!!Income in the past 12 months below poverty level:!!Other families:!!Male householder, no spouse present:!!Less than high school graduate","Margin of Error!!Total:!!Income in the past 12 months below poverty level:!!Other families:!!Male householder, no spouse present:!!Less than high school graduate","Estimate!!Total:!!Income in the past 12 months below poverty level:!!Other families:!!Male householder, no spouse present:!!High school graduate (includes equivalency)","Margin of Error!!Total:!!Income in the past 12 months below poverty level:!!Other families:!!Male householder, no spouse present:!!High school graduate (includes equivalency)","Estimate!!Total:!!Income in the past 12 months below poverty level:!!Other families:!!Male householder, no spouse present:!!Some college, associate's degree","Margin of Error!!Total:!!Income in the past 12 months below poverty level:!!Other families:!!Male householder, no spouse present:!!Some college, associate's degree","Estimate!!Total:!!Income in the past 12 months below poverty level:!!Other families:!!Male householder, no spouse present:!!Bachelor's degree or higher","Margin of Error!!Total:!!Income in the past 12 months below poverty level:!!Other families:!!Male householder, no spouse present:!!Bachelor's degree or higher","Estimate!!Total:!!Income in the past 12 months below poverty level:!!Other families:!!Female householder, no spouse present:","Margin of Error!!Total:!!Income in the past 12 months below poverty level:!!Other families:!!Female householder, no spouse present:","Estimate!!Total:!!Income in the past 12 months below poverty level:!!Other families:!!Female householder, no spouse present:!!Less than high school graduate","Margin of Error!!Total:!!Income in the past 12 months below poverty level:!!Other families:!!Female householder, no spouse present:!!Less than high school graduate","Estimate!!Total:!!Income in the past 12 months below poverty level:!!Other families:!!Female householder, no spouse present:!!High school graduate (includes equivalency)","Margin of Error!!Total:!!Income in the past 12 months below poverty level:!!Other families:!!Female householder, no spouse present:!!High school graduate (includes equivalency)","Estimate!!Total:!!Income in the past 12 months below poverty level:!!Other families:!!Female householder, no spouse present:!!Some college, associate's degree","Margin of Error!!Total:!!Income in the past 12 months below poverty level:!!Other families:!!Female householder, no spouse present:!!Some college, associate's degree","Estimate!!Total:!!Income in the past 12 months below poverty level:!!Other families:!!Female householder, no spouse present:!!Bachelor's degree or higher","Margin of Error!!Total:!!Income in the past 12 months below poverty level:!!Other families:!!Female householder, no spouse present:!!Bachelor's degree or higher",Estimate!!Total:!!Income in the past 12 months at or above poverty level:,Margin of Error!!Total:!!Income in the past 12 months at or above poverty level:,Estimate!!Total:!!Income in the past 12 months at or above poverty level:!!Married-couple family:,Margin of Error!!Total:!!Income in the past 12 months at or above poverty level:!!Married-couple family:,Estimate!!Total:!!Income in the past 12 months at or above poverty level:!!Married-couple family:!!Less than high school graduate,Margin of Error!!Total:!!Income in the past 12 months at or above poverty level:!!Married-couple family:!!Less than high school graduate,Estimate!!Total:!!Income in the past 12 months at or above poverty level:!!Married-couple family:!!High school graduate (includes equivalency),Margin of Error!!Total:!!Income in the past 12 months at or above poverty level:!!Married-couple family:!!High school graduate (includes equivalency),"Estimate!!Total:!!Income in the past 12 months at or above poverty level:!!Married-couple family:!!Some college, associate's degree","Margin of Error!!Total:!!Income in the past 12 months at or above poverty level:!!Married-couple family:!!Some college, associate's degree",Estimate!!Total:!!Income in the past 12 months at or above poverty level:!!Married-couple family:!!Bachelor's degree or higher,Margin of Error!!Total:!!Income in the past 12 months at or above poverty level:!!Married-couple family:!!Bachelor's degree or higher,Estimate!!Total:!!Income in the past 12 months at or above poverty level:!!Other families:,Margin of Error!!Total:!!Income in the past 12 months at or above poverty level:!!Other families:,"Estimate!!Total:!!Income in the past 12 months at or above poverty level:!!Other families:!!Male householder, no spouse present:","Margin of Error!!Total:!!Income in the past 12 months at or above poverty level:!!Other families:!!Male householder, no spouse present:","Estimate!!Total:!!Income in the past 12 months at or above poverty level:!!Other families:!!Male householder, no spouse present:!!Less than high school graduate","Margin of Error!!Total:!!Income in the past 12 months at or above poverty level:!!Other families:!!Male householder, no spouse present:!!Less than high school graduate","Estimate!!Total:!!Income in the past 12 months at or above poverty level:!!Other families:!!Male householder, no spouse present:!!High school graduate (includes equivalency)","Margin of Error!!Total:!!Income in the past 12 months at or above poverty level:!!Other families:!!Male householder, no spouse present:!!High school graduate (includes equivalency)","Estimate!!Total:!!Income in the past 12 months at or above poverty level:!!Other families:!!Male householder, no spouse present:!!Some college, associate's degree","Margin of Error!!Total:!!Income in the past 12 months at or above poverty level:!!Other families:!!Male householder, no spouse present:!!Some college, associate's degree","Estimate!!Total:!!Income in the past 12 months at or above poverty level:!!Other families:!!Male householder, no spouse present:!!Bachelor's degree or higher","Margin of Error!!Total:!!Income in the past 12 months at or above poverty level:!!Other families:!!Male householder, no spouse present:!!Bachelor's degree or higher","Estimate!!Total:!!Income in the past 12 months at or above poverty level:!!Other families:!!Female householder, no spouse present:","Margin of Error!!Total:!!Income in the past 12 months at or above poverty level:!!Other families:!!Female householder, no spouse present:","Estimate!!Total:!!Income in the past 12 months at or above poverty level:!!Other families:!!Female householder, no spouse present:!!Less than high school graduate","Margin of Error!!Total:!!Income in the past 12 months at or above poverty level:!!Other families:!!Female householder, no spouse present:!!Less than high school graduate","Estimate!!Total:!!Income in the past 12 months at or above poverty level:!!Other families:!!Female householder, no spouse present:!!High school graduate (includes equivalency)","Margin of Error!!Total:!!Income in the past 12 months at or above poverty level:!!Other families:!!Female householder, no spouse present:!!High school graduate (includes equivalency)","Estimate!!Total:!!Income in the past 12 months at or above poverty level:!!Other families:!!Female householder, no spouse present:!!Some college, associate's degree","Margin of Error!!Total:!!Income in the past 12 months at or above poverty level:!!Other families:!!Female householder, no spouse present:!!Some college, associate's degree","Estimate!!Total:!!Income in the past 12 months at or above poverty level:!!Other families:!!Female householder, no spouse present:!!Bachelor's degree or higher","Margin of Error!!Total:!!Income in the past 12 months at or above poverty level:!!Other families:!!Female householder, no spouse present:!!Bachelor's degree or higher",
